{
  "timestamp": "2025-10-16T00:12:45Z",
  "commit": "92ede01",
  "toolchain": "cargo bench (criterion)",
  "status": "pass",
  "display_mibps": 3149.938149360563,
  "display_gibps": 3.0761114739849247,
  "comp3_mibps": 52.20692126896241,
  "benchmarks": [
    {
      "name": "slo_validation/display_heavy_slo_80mbps",
      "mean_ns": 1513798.4798207004,
      "bytes_processed": 5000000,
      "mean_mibps": 3149.938149360563
    },
    {
      "name": "slo_validation/comp3_heavy_slo_40mbps",
      "mean_ns": 10960320.508,
      "bytes_processed": 600000,
      "mean_mibps": 52.20692126896241
    }
  ],
  "summary": {
    "display_mibps": 3149.938149360563,
    "comp3_mibps": 52.20692126896241,
    "max_rss_mib": 4
  }
}
