{
  "timestamp": "2025-10-15T18:26:42Z",
  "commit": "9c09edf",
  "toolchain": "cargo bench (criterion)",
  "status": "pass",
  "display_mibps": 188.3751252722147,
  "display_gibps": 0.18396008327364716,
  "comp3_mibps": 53.71633577642179,
  "benchmarks": [
    {
      "name": "slo_validation/display_heavy_slo_80mbps",
      "mean_ns": 25313170.065,
      "bytes_processed": 5000000,
      "mean_mibps": 188.3751252722147
    },
    {
      "name": "slo_validation/comp3_heavy_slo_40mbps",
      "mean_ns": 10652338.466000004,
      "bytes_processed": 600000,
      "mean_mibps": 53.71633577642179
    }
  ],
  "summary": {
    "display_mibps": 188.3751252722147,
    "comp3_mibps": 53.71633577642179,
    "max_rss_mib": 4
  }
}
