{
  "timestamp": "2025-10-15T11:19:45Z",
  "commit": "615e59c",
  "toolchain": "cargo bench (criterion)",
  "status": "pass",
  "display_mibps": 169.1884293521165,
  "display_gibps": 0.16522307553917626,
  "comp3_mibps": 49.475590319245484,
  "benchmarks": [
    {
      "name": "slo_validation/display_heavy_slo_80mbps",
      "mean_ns": 28183792.475,
      "bytes_processed": 5000000,
      "mean_mibps": 169.1884293521165
    },
    {
      "name": "slo_validation/comp3_heavy_slo_40mbps",
      "mean_ns": 11565391.865999999,
      "bytes_processed": 600000,
      "mean_mibps": 49.475590319245484
    }
  ],
  "summary": {
    "display_mibps": 169.1884293521165,
    "comp3_mibps": 49.475590319245484,
    "max_rss_mib": 4
  }
}
